<?xml version="1.0" encoding="UTF-8" standalone="yes"?>
<addon id="plugin.video.crackler"
       name="Crackler"
       version="0.1.0"
       provider-name="eign">
  <requires>
	<import addon="xbmc.python" version="2.14.0"/>
	<import addon="script.common.plugin.cache" version="0.9.1"/>
  </requires>
  <extension point="xbmc.python.pluginsource"
            library="default.py">
        <provides>video</provides>
  </extension>
  <extension point="xbmc.addon.metadata">
	<summary lang="en">Crackler</summary>
	<description lang="en">Shows and Movies from Crackle</description>
	<platform>all</platform>
	<language>en</language>
	<license>GNU GENERAL PUBLIC LICENSE. Version 2, June 1991</license>
  </extension>
</addon>
